id,name,group,keywords,position,decision_questions,likely_outputs,source_ids
T01,護理人員資格與名稱使用,人員資格與執登,護理師、護士、名稱、資格、證書、護理,先判斷是否具護理師或護士資格，再判斷名稱或服務內容是否使社會大眾誤認為護理人員、護理機構或護理業務。未具資格者不得使用護理師、護士名稱，也不得藉由廣告或職稱混淆法定業務。,行為人是否領有護理師或護士證書？；使用名稱是否足以使民眾誤認為護理人員或護理業務？；實際服務是否涉及護理人員法第24條業務？,未具資格者使用護理師或護士名稱，傾向認定違反名稱使用限制。；若僅為一般生活服務，但名稱或廣告造成護理業務誤認，仍應依護理人員法及相關規定處理。,interp-0008、interp-0010
T02,執業登記與執業執照,人員資格與執登,執業登記、執業執照、證書、第8條、登錄、執登,證書代表具備護理人員資格，執業執照才代表可在特定處所執業。只要實際從事護理人員法第24條業務，原則上須向所在地主管機關辦理執業登記並領有執業執照。,是否已領有護理人員證書？；是否實際執行第24條護理業務？；是否已在該執業所在地辦理執業登記？,僅持有證書但未執登，不足以合法執業。；職稱不影響判斷；實際業務落入第24條時仍須執登。,interp-0019、interp-0039、interp-0626
T03,執業處所與其他經中央主管機關認可之機構,人員資格與執登,第12條、執業處所、認可之機構、其他經中央主管機關認可、場所,護理人員執業處所原則限於醫療機構、護理機構或其他經中央主管機關認可之機構。判斷重點是該場域是否依法應或得配置護理人員，以及該人員是否在該場所實際執行第24條業務。,該場域是否有法令依據應或得配置護理人員？；是否已由中央主管機關公告或個案認可？；護理人員是否實際在該場域執行護理業務？,依法應或得配置護理人員且實際執行護理業務者，較可能認可作為執業登記場域。；單純衛教、研究或公益任務不必然等於可作為執業登記機構，仍須回到認可條件判斷。,interp-0109、interp-0110、interp-0620、interp-0626
T04,學校護理人員,學校、幼兒園與特殊場域,學校、校護、健康中心、學校衛生、公共衛生、衛生教育,學校校護工作屬護理人員法第8條所稱執業。學校衛生保健、疾病管理及救護、傳染病防治、預防接種、衛生教育等，屬護理人員業務範疇，也具公共衛生業務性質。,是否在學校場域擔任校護或健康中心照護工作？；工作內容是否包括衛生保健、疾病管理、救護、傳染病防治、預防接種或衛生教育？；是否依法辦理執業登記？,學校校護不是單純行政職，屬護理執業，應依護理人員法辦理執登及管理。；學校護理人員可依衛生機關工作計畫或公函執行或協助公共衛生業務。,interp-0006、interp-0019、interp-0039
T05,學校及幼兒園等教育照護場域,學校、幼兒園與特殊場域,幼兒園、托嬰中心、學校、健康中心、教育照護、生活輔導員,幼兒園、托嬰中心、學校健康中心等教育照護場域，如依相關法令得或應配置護理人員，且實際從事第24條業務，傾向要求辦理執業登記。場域不是醫院並不當然免除護理法規。,該教育照護場域是否依法應或得配置護理人員？；人員是否實際執行第24條業務？；若為支援或代理，是否符合支援報備或事先報准規定？,幼兒園、托嬰中心或學校依法配置護理人員且執行護理業務時，應走執登或支援報備程序。；僅以生活輔導員、保健人員等職稱不能排除實質護理業務判斷。,interp-0048、interp-0039、interp-0082、interp-0626
T06,校護代理、支援與短期請假,學校、幼兒園與特殊場域,校護、代理、短時間請假、支援、報備、健康中心,校護短期請假時，仍不能讓未辦執登者直接執業。可商請鄰近機構護理人員依護理人員法第12條支援學校護理工作，並依支援或事先報准程序處理。,代理者是否具護理人員資格並已合法執業？；支援是否來自鄰近合法執業機構？；是否已依第12條但書完成支援報備或事先報准？,合格但非現職或未執登者，仍不得逕行代理校護執業。；學校短期缺口應優先以合法支援機制處理。,interp-0082、interp-0019
T07,助產人員、生活輔導員或其他人員支援學校護理工作,學校、幼兒園與特殊場域,助產人員、生活輔導員、健康中心、支援學校、逾越業務,是否可支援學校護理工作，不看職稱而看資格與實際業務。僅具助產資格者執行學校護理工作，因學校護理業務與助產業務不同，可能逾越執業規定。持護理師證書者若到健康中心執行第24條業務，仍須辦理執登。,該人員具備哪一類醫事人員資格？；實際工作是否為學校護理業務而非原專業法定業務？；若具護理資格，是否已辦理執業登記？,助產人員不得因具醫事資格即支援學校護理工作。；生活輔導員若持護理師證書並執行第24條業務，仍應辦理護理執登。,interp-0076、interp-0039
T08,護理教育、護理教師與實習指導,學校、幼兒園與特殊場域,護理教師、護理教育、實習指導、護生、學校為登記處所,護理人員擔任護理學校教師，從事護理教育或護生實習指導，若非以執行護理人員業務為職業，可無須辦理執業登記；如欲辦理執登，得以學校為登記處所。,工作重點是教學與實習指導，還是直接執行護理業務？；是否以執行護理人員法第24條業務為職業？；如需執登，是否以學校所在地為登記處所？,純護理教育或護生實習指導可與校護執業區分。；若教師另直接執行護理業務，仍應回到執登規範判斷。,interp-0016、interp-0086
T09,醫療輔助行為,醫療輔助行為與專業邊界,醫療輔助、醫師指示、第24條、侵入性、處置,醫療輔助行為是護理人員法第24條業務之一，應在醫師指示下行之。判斷新處置時，先看是否影響身體結構、生理機能，是否屬診療照護流程，是否已有特別函釋。,該行為是否涉及疾病檢查、診斷、治療或照護流程？；是否涉及侵入性檢查、治療、處置或醫療儀器？；是否有醫師指示或監督？,若屬醫療輔助行為，護理人員須在醫師指示下為之。；未具護理資格者不得因有醫囑即執行護理人員法定業務。,interp-0039、interp-0499、interp-0501
T10,專科護理師與醫師監督,醫療輔助行為與專業邊界,專科護理師、醫師監督、醫療業務、甄審,專科護理師可在法定範圍內於醫師監督下執行醫療業務，但不因此取代醫師、助產人員或其他醫事人員法定業務。仍須遵守分科、甄審、監督及執業範圍限制。,是否具專科護理師資格？；行為是否屬專科護理師依法可於醫師監督下執行之醫療業務？；是否涉及其他醫事人員專屬業務？,專科護理師制度不是醫師或助產人員業務的替代制度。；仍須依醫師監督與相關辦法界定範圍。,interp-0612
T11,非醫事人員與照顧服務員界線,非醫事人員與照顧服務,非醫事人員、照顧服務員、看護、抽痰、導尿、鼻胃管,生活照顧、清潔、舒適服務可較寬；導尿、抽痰、管路、傷口、造口、腹膜透析導管等涉及護理或醫療專業者，原則嚴格控管。非醫事人員不得執行法定護理或醫療業務。,行為是否涉及醫療專業判斷或侵入性處置？；是否屬日常生活照顧或維持清潔舒適？；執行者是否具護理人員或其他醫事人員資格？,單純量血壓、脈搏、體溫而未涉及診斷時較可能非醫療業務。；導尿、抽痰、管路更換等通常不能由非醫事人員執行。,interp-0504、interp-0626
T12,採血、抽動脈血、X光、採檢等具風險處置,醫療輔助行為與專業邊界,採血、抽動脈血、X光、採檢、咽喉拭子、COVID,具風險處置應先判斷是否屬醫療輔助行為、是否需醫師指示、是否另有特別法規或函釋。模擬器對新增處置應採保守比附，優先標示需查最新函釋。,是否已有該處置的專門函釋或公告？；是否屬醫療輔助行為或其他醫事人員專屬業務？；是否在合法機構、合法資格及醫師指示下執行？,如已列於人員執業網頁新函釋，應以新函釋優先於108年彙編。；無明確函釋時，先依醫療輔助行為及專業資格邊界保守判斷。,interp-0499、interp-0614、interp-0615、interp-0616
T13,公共衛生、預防保健與防疫任務,人員資格與執登,公共衛生、預防保健、防疫、傳染病、衛生教育、預防接種,公共衛生、預防保健與防疫任務可屬護理人員業務範疇，但仍須回到資格、執登、場域認可與實際業務內容判斷。公共衛生性質不排除護理法規適用。,任務是否屬預防保健、衛生教育、傳染病防治或預防接種？；執行者是否具護理人員資格並在合法場域執業？；是否由衛生機關工作計畫或公函指派？,學校護理人員可依衛生機關工作計畫或公函協助公共衛生業務。；公共衛生計畫聘用護理人員時，仍須檢視執業登記場域是否合規。,interp-0006、interp-0109、interp-0110
T14,支援報備,支援、停歇業、繼續教育,支援、報備、事先報准、跨機構、第12條,跨機構支援原則須事前報准。急救、大量傷病或緊急臨時需求才可能作為例外，且例外應限縮解釋，不宜擴張成常態人力調度。,是否屬執業機構間支援？；是否跨縣市或跨不同機構？；是否有急救、大量傷病或緊急情況？,一般支援應事前報准或依規定報備。；緊急例外限於臨時增加護理人力協助處理，不適合常態化。,interp-0082、interp-0626
T15,停業、歇業、復業與執照更新,支援、停歇業、繼續教育,停業、歇業、復業、執照更新、育嬰假、繼續教育,停業、歇業、復業與執照更新皆屬程序性高的執登管理事項。人員暫離執業狀態時，須依停歇業、復業與繼續教育規則處理，不能以實務需求自行跳過。,是否停業超過法定期間或事實上不再執業？；復業時執照有效期間與繼續教育積分是否符合規定？；是否已向原發照機關報備或申請？,復業或更新執照時，須回到執登及繼續教育辦法判斷。；育嬰假、歇業或退休後再投入工作，不能免除執登程序。,interp-0617
T16,繼續教育、在職教育與公假/工時,支援、停歇業、繼續教育,繼續教育、在職教育、公假、工時、訓練進修,近年函釋已將繼續教育與在職教育帶入勞動條件及差勤管理。公務人員可依公務人員請假、訓練進修規定處理；非公務人員則由機構參考並審酌辦理。,人員是否具公務人員身分？；教育訓練是否與職務有關？；機構是否已有費用補助、差勤或工時管理規範？,與職務相關教育訓練可朝公假或工時管理方向評估。；非公務人員仍可要求機構參考友善在職教育環境原則處理。,interp-0617
T17,勞動條件、調動、休息時間與加班費,勞動條件與執業環境,勞動基準法、調動、休息時間、加班費、延長工時、工資,護理人員雖受護理法規管理，但調動、休息、延長工時工資等仍須回到勞動基準法及勞動部函釋。護理法規不能作為降低勞動保障的理由。,是否適用勞動基準法？；調動是否符合勞基法第10條之1及相關原則？；延長工時是否依法給付工資？,職場管理問題應同時檢視護理執業規範與勞動法規。；調動、休息時間與加班費爭議，不宜僅以院內管理命令處理。,interp-0629
T18,護病比與人力配置,勞動條件與執業環境,護病比、三班、人力配置、病人安全、急性一般病床,護病比與人力配置不是單純內部管理，而是病人安全、執業環境與機構管理議題。遇到類似問題時，應優先查最新公告、評鑑與設置標準。,該機構或病床類別是否有明確護病比標準？；人力配置是否影響照護品質或病人安全？；是否涉及主管機關督導考核或評鑑？,若已有護病比公告或標準，應以最新標準作為模擬器判準。；人力不足可能連動機構督導、評鑑或勞動條件議題。,interp-0630
T19,護理機構設置、擴充、開業與復業,機構設置與管理,護理機構、設置、擴充、開業、復業、遷移、負責人,護理機構設置、開業、遷移、復業與負責人變更，重視許可、登記、實地審查與申請主體是否改變。若涉及個人設置者主體變更，較可能被視為新設立。,是登記事項變更，還是申請主體變更？；遷移或復業後設施、人員、消防、建管是否仍合格？；是否已依護理機構設置標準及開業程序審查？,復業或遷移原則準用設立規定，但可視原設施與人員是否重大改變簡化程序。；主體變更通常不能只辦登記事項變更。,interp-0316、interp-0317
T20,護理機構服務對象,機構設置與管理,服務對象、居家護理、護理之家、產後護理、長期照護,居家護理、護理之家、產後護理機構等，須依核准服務對象與照護需求判斷。不能任意擴張服務對象，尤其當個案有管路、造口或高護理需求時，應重視照護品質與人力配置。,該機構類型的法定服務對象為何？；個案照護需求是否超出該機構設置或人力能力？；是否涉及其他主管法規或跨部會權責？,服務對象擴張須有法規依據與照護品質保障。；高護理需求個案不宜僅以機構收住意願判斷。,interp-0144
T21,收費、收據與醫療勞務/生活照顧區分,機構設置與管理,收費、收據、醫療勞務、生活照顧、產後護理、尿布、奶粉,護理評估、護理指導、處置偏醫療勞務；尿布、奶粉、清潔用品及一般飲食偏生活照顧。收費項目須清楚、可判別類別、開立收據，且不得超過主管機關核定標準。,該收費項目屬醫療照護需求衍生，還是一般生活照顧？；是否列入地方主管機關核定收費項目？；收據是否載明服務項目與金額？,未列入核定收費項目的服務，可能構成超收或違規收費。；以商業單位另行收費或推銷，應檢視是否混淆醫療與商業行為。,interp-0311
T22,廣告、名稱與業務包裝,機構設置與管理,廣告、名稱、業務項目、產後護理、飯店、美容,護理機構廣告內容受限，非護理機構不得為護理業務廣告。不得以飯店式、美容式或模糊名稱包裝，使民眾誤認核准業務或醫療護理服務。,廣告內容是否限於法定可刊登事項？；是否宣傳非核准業務或讓民眾誤認服務性質？；是否涉及非護理機構為護理業務廣告？,強調非核准服務或休閒飯店式服務，可能超出護理機構廣告容許範圍。；美容或SPA使用護理字樣需檢視是否造成護理業務誤認。,interp-0164、interp-0335、interp-0614
T23,病歷、紀錄與保密,裁罰、保密與權益保障,紀錄、病歷、保密、個資、陳情、秘密,護理人員執行業務時應製作紀錄；涉及個資、病人資料、陳情內容或業務秘密時，須有保密立場。實習或未取證人員的紀錄亦應由指導護理人員確認。,是否屬護理人員執行業務產生的紀錄？；資料是否涉及個人隱私、病情、陳情或機密？；未具資格者所作紀錄是否經指導護理人員確認？,護理業務紀錄不能省略，且應依醫療法或相關規定保存。；陳情或個案資料需依保密規定處理。,interp-0498、interp-0501
T24,違法執業、證照租借與裁罰,裁罰、保密與權益保障,違法執業、未取得資格、罰鍰、證照租借、裁罰,未具資格執行護理業務、未執登執業、證照租借、機構容留未具資格者，均屬高風險裁罰主題。若涉及刑事責任，應移送檢察機關依法辦理。,行為人是否具護理人員資格並辦理執登？；是否由雇主或機構容留、指派或默許？；是否涉及證照租借或刑事責任？,未具資格或未執登而執行護理業務，原則傾向違法。；雇主或機構可能與本人同受處罰或負督導責任。,interp-0490、interp-0501
T25,感染者權益與不得拒絕服務,裁罰、保密與權益保障,愛滋、感染者、拒絕服務、歧視、長照、感染管制,愛滋、傳染病或其他疾病身分不得作為拒絕照護或差別待遇理由。應以正確感染管制、教育訓練與法定照護義務處理，而不是以感染者身分排除服務。,是否因感染者身分拒絕服務或差別待遇？；是否已有正確感染管制與教育訓練措施？；是否違反長照、感染者權益保障或其他相關法規？,不得因愛滋感染者身分拒絕提供長照或護理相關服務。；主管機關可要求教育訓練並依法查處歧視或拒收情事。,interp-0633
T26,外國人、華僑與境外護理資格,人員資格與執登,外國人、華僑、境外資格、工作證、外籍看護、許可,取得外國護理資格不等於可在我國執業。外國人及華僑須依我國法律考試、取得證書、經中央主管機關許可並辦理執業登記，始得執行護理業務。,是否已依法取得我國護理人員證書？；是否經中央主管機關許可？；是否已辦理執業登記並在合法處所執業？,外國工作證或境外資格本身不足以執行我國護理業務。；外籍看護可做生活照顧，但不能執行法定護理或醫療業務。,interp-0504
T27,護理學生、應屆畢業生與實習護士,人員資格與執登,護理學生、應屆畢業生、實習護士、未取得證書、指導,未取得證書者原則不得獨立執行護理業務；但在護理人員指導下實習之高級護理職業以上學校學生或畢業生，有特定例外。指導不以現場指導為必要，但所為護理業務應經指導護理人員確認。,是否為高級護理職業以上學校學生或畢業生？；是否在護理人員指導下執行業務？；是否獨立執行護理業務或紀錄未經確認？,未取證者不得獨立執行護理業務。；符合第37條但書者可在指導下實習，但紀錄與業務須經確認。,interp-0488、interp-0495、interp-0498、interp-0501
